{"loss":{"0":2.0208599567,"1":1.1396073103,"2":0.590813756,"3":0.3347252309,"4":0.1891221702,"5":0.1024958417,"6":0.0583033636,"7":0.0352066085,"8":0.0230377614,"9":0.0163092352,"10":0.012243581},"accuracy":{"0":0.3043025732,"1":0.6105713844,"2":0.7860282063,"3":0.8960213065,"4":0.9730511308,"5":0.9956049323,"6":0.9981494546,"7":0.9988433719,"8":0.9994217157,"9":0.9997686744,"10":1.0},"val_loss":{"0":1.540009141,"1":0.7781103849,"2":0.4382093251,"3":0.2454088181,"4":0.1321173459,"5":0.0835434198,"6":0.044298552,"7":0.0285767596,"8":0.0242430177,"9":0.0154599054,"10":0.0111342594},"val_accuracy":{"0":0.4440332949,"1":0.7317298651,"2":0.8436632752,"3":0.9232192636,"4":0.9898242354,"5":0.9939870238,"6":0.9967622757,"7":0.9986124039,"8":0.9990749359,"9":0.999537468,"10":1.0}}